{
  "score_low": 1.9241200429828687e-17,
  "score_high": 0.2624974005973333,
  "percentiles": [
    2,
    98
  ]
}